<?xml version="1.0" encoding="UTF-8" standalone="yes"?>
  <addon id="plugin.video.kodivertido-X"
       name="[COLOR gold]KODIvertiDO[/COLOR][COLOR lime] X[/COLOR]"
       version="1.7.0"
       provider-name="Grupo Kodidivertido">
  <requires>
	  <import addon="script.module.beautifulsoup4" />
    <import addon="script.module.requests" />
    <import addon="plugin.video.youtube" optional="true" />
    <import addon="script.module.resolveurl" />
    <import addon="xbmc.python" version="2.1.0"/>
  </requires>
  <extension point="xbmc.python.pluginsource"
            library="default.py">
        <provides>video</provides>
  </extension>

  <extension point="xbmc.addon.metadata">
    <summary>kodivertido</summary>
    <description>kodivertido</description>
	  <disclaimer>kodivertido</disclaimer>
    <platform>all</platform>
	<assets>
    <icon>icon.gif</icon>
    <fanart>fanart.jpg</fanart>
    </assets>
  </extension>
</addon>