<?xml version="1.0" encoding="UTF-8"?>
<addon
	id="plugin.video.kodivertido-X" version="12.0.0" name="[B][COLOR white]KODI[COLOR gold]verti[COLOR yellow]DO[COLOR lime] X[/COLOR][/B]" provider-name="equipo KODIvertiDO">
<requires>
    <import addon="plugin.video.youtube" /> 
    <import addon="script.module.requests" />
    <import addon="script.module.resolveurl" />
    <import addon="script.module.six" />
  </requires>
	<extension point="xbmc.python.pluginsource" library="default.py">
		<provides>video</provides>
	</extension>
	
	 <extension point="xbmc.addon.repository" name="kodivertido">
        <info>https://raw.githubusercontent.com/mendelux/repositorioKodivertido/master/_repo/addons.xml</info>
        <checksum>https://raw.githubusercontent.com/mendelux/repositorioKodivertido/master/_repo/addons.xml.md5</checksum>
        <datadir zip="true">https://raw.githubusercontent.com/mendelux/repositorioKodivertido/master/_repo/</datadir>
    </extension>
	
	
	<extension point="xbmc.addon.metadata">
                <platform>all</platform>
		<summary lang="en">kodivertido</summary>
		<summary lang="da">kodivertido</summary>
		<description lang="en">[B][LOWERCASE][CAPITALIZE][COLOR white]kodivertidoX addon dedicado a la buena gente de KODIvertiDO [COLOR aqua] Todo un placer [COLOR yellow]Mendelux[/COLOR][/CAPITALIZE][/LOWERCASE][/B]</description>
		<website></website>
		<license>GPL 2.0</license>
		<platform>all</platform>
<assets>
        <icon>icon.gif</icon>
  <screenshot>resources/screenshots/screenshot1.jpg</screenshot>
  <screenshot>resources/screenshots/screenshot2.jpg</screenshot>
  <screenshot>resources/screenshots/screenshot3.jpg</screenshot>
  <screenshot>resources/screenshots/screenshot4.jpg</screenshot>
  <screenshot>resources/screenshots/screenshot5.jpg</screenshot>
        <fanart>fanart.jpg</fanart>
    </assets>        
		<language>es</language>
	</extension>
</addon>