<?xml version="1.0" encoding="UTF-8" standalone="yes"?>
	<addon id="plugin.video.kodivertido-X" version="6.2" name="[COLOR gold]KODIvertiDO[/COLOR][COLOR lime] X[/COLOR]" provider-name="Grupo KODIvertiDO">
	<requires>
		<import addon="plugin.video.youtube" /> 
		<import addon="script.module.requests" />
		<import addon="script.module.resolveurl" />
		<import addon="script.module.six" />
	</requires>
	<extension point="xbmc.python.pluginsource" library="default.py">
		<provides>video</provides>
	</extension>
	
    <extension point="xbmc.addon.repository" name="Repositorio KODIvertiDO">
        <info compressed="false">https://raw.githubusercontent.com/mendelux/repositorioKodivertido/master/_repo/addons.xml</info>
        <checksum>https://raw.githubusercontent.com/mendelux/repositorioKodivertido/master/_repo/addons.xml.md5</checksum>
        <datadir zip="true">https://raw.githubusercontent.com/mendelux/repositorioKodivertido/master/_repo/</datadir>
        <hashes>false</hashes>
    </extension>
	
	
	<extension point="xbmc.addon.metadata">
        <platform>all</platform>
		<summary lang="en">Grupo KODIvertiDO</summary>
		<summary lang="da">Grupo KODIvertiDO</summary>
		<description lang="en">[B][LOWERCASE][CAPITALIZE][COLOR white]Addon [COLOR lime]KODIvertiDO-X[COLOR white] dedicado a todos mis compañeros y amigos del grupo KODIvertiDO para que disfrutes de su contenido [COLOR aqua] Todo un placer, sin duda. [COLOR yellow]Mendelux[/COLOR][/CAPITALIZE][/LOWERCASE][/B]</description>
		<website></website>
		<license>GPL 2.0</license>
		<platform>all</platform>
		<assets>
			<icon>icon.gif</icon>
			<fanart>fanart.png</fanart>
		</assets>        
		<language>es</language>
	</extension>
</addon>