<?xml version="1.0" encoding="UTF-8" standalone="yes"?>
<addon id="script.BreakingBad" name="[COLOR lime]Breaking Bad[/COLOR]" version="0.0.1" provider-name="Hectobo, Gely Y Con La Ayuda De Exaltado">
  <requires>
    <import addon="xbmc.python" version="2.1.0"/>
  </requires>
  <extension point="xbmc.python.pluginsource" library="default.py">
    <provides>executable</provides>
  </extension>
  <extension point="xbmc.service" library="startup.py" start="startup" />
  <extension point="xbmc.addon.metadata">
    <summary lang="en"></summary>
    <description lang="en"></description>
    <platform>all</platform>
  </extension>
</addon>