<?xml version="1.0" encoding="UTF-8"?>
<addon
	id="plugin.KODIvertiDO_fuentesKodi" version="1.0" name="[B][COLOR white]KODIvertiDO_[COLOR gold]fuentesKodi[/COLOR][/B]" provider-name="equipo KODIvertiDO">
<requires>
    <import addon="plugin.video.youtube" /> 
    <import addon="script.module.requests" />
    <import addon="script.module.resolveurl" />
    <import addon="script.module.six" />
  </requires>
	<extension point="xbmc.python.pluginsource" library="default.py">
		<provides>video</provides>
	</extension>	
	<extension point="xbmc.addon.metadata">
                <platform>all</platform>
		<summary lang="en">KODIvertiDO_fuentesKodi</summary>
		<summary lang="da">KODIvertiDO_fuentesKodi</summary>
		<description lang="en">[B][LOWERCASE][CAPITALIZE][COLOR white]KODIvertiDO_fuentesKodi addon dedicado añadir las fuentes actualizadas[COLOR aqua] para KODI.Para consultas y resolver problemas  unete  a nuestro grupo de telegram [COLOR yellow]@Kodivertido Team[/COLOR][/CAPITALIZE][/LOWERCASE][/B]</description>
		<website></website>
		<license>GPL 2.0</license>
		<platform>all</platform>
<assets>
        <icon>icon.png</icon>
  <screenshot>resources/screenshots/screenshot1.jpg</screenshot>
  <screenshot>resources/screenshots/screenshot2.jpg</screenshot>
  <screenshot>resources/screenshots/screenshot3.jpg</screenshot>
  <screenshot>resources/screenshots/screenshot4.jpg</screenshot>
  <screenshot>resources/screenshots/screenshot5.jpg</screenshot>
        <fanart>fanart.jpg</fanart>
    </assets>        
		<language>es</language>
	</extension>
</addon>