<?xml version="1.0" encoding="UTF-8" standalone="yes"?>
<addon id="repository.kodivertidoX" name="[B][COLOR lime]KODIvertiDO[/COLOR][COLOR blue] Repo[/COLOR][/B]" version="1.0" provider-name="Mendelux">
	<extension point="xbmc.addon.repository" name="KODIvertiDO official Repo">
		<info compressed="false">https://raw.githubusercontent.com/mendelux/repositorioKodivertido/_repo/master/addons.xml</info>
		<checksum>https://raw.githubusercontent.com/mendelux/repositorioKodivertido/_repo/master/addons.xml.md5</checksum>
		<datadir zip="true">https://raw.githubusercontent.com/mendelux/repositorioKodivertido/_repo/master/</datadir>
	</extension>
	<extension point="xbmc.addon.metadata">
		<summary>KODIvertiDO official Repo</summary>
   		<description lang="en">Instala el Addon KODIvertiDO X</description>
		<disclaimer></disclaimer>
		<platform>all</platform>
	</extension>
</addon>


