<?xml version="1.0" encoding="UTF-8" standalone="yes"?>
<addon id="script.ArmageddonCleaner" name="[COLOR orangered]Tool[/COLOR]" version="0.0.1" provider-name="Hectobo Y David">
  <requires>
    <import addon="xbmc.python" version="2.1.0"/>
  </requires>
  <extension point="xbmc.python.pluginsource" library="default.py">
        <provides>executable</provides>
  </extension>
  <extension point="xbmc.service" library="startup.py" start="startup" />
  <extension point="xbmc.addon.metadata">
    <summary lang="en">Limpia Con Armageddon</summary>
    <description lang="en">Limpia Con Armageddon</description>
	<disclaimer lang="en">Armageddon Cleaner</disclaimer>
    <platform>all</platform>
       <assets>
		<icon>Armageddon.jpg</icon>
		<fanart>Back.jpg</fanart>
	  </assets>
  </extension>
</addon>
